Hankins,Sarah,pinalevitsky@jumpstartlab.com,4145205000,2022 15th Street NW
Baimas-george,Katie,svsullivan88@jumpstartlab.com,6085169000,1123 Harvard St. unit R
Modawal,Sean,ufmPalley@jumpstartlab.com,2022327000,1718 Connecticut Ave. NW Suite 300
Murphy,Michael,bxthewsm@jumpstartlab.com,2022327000,1718 Connecticut Ave. NW Suite 300
Lade,Sophie,cpagenkn@jumpstartlab.com,3214804000,2505 13th St. NW
Leung,Lala,vsmcneal@jumpstartlab.com,5613391000,2505 13th St. NW
Broussard,Erin,buenevet@jumpstartlab.com,2022133000,"40 Rowland Ave., HWCC 412"
Doe,Julie,hcilson@jumpstartlab.com,2403937000,1620 Argonne Place N.W.
Ther,Mary,hobdul27@jumpstartlab.com,2024942000,1858 California St. NW #41
Deveau,Tamer,wgurns4@jumpstartlab.com,2029975000,1718 21st Street NW
England,Alison,wlutko@jumpstartlab.com,5084046000,1673 Columbia Rd. NW Apt. 400
Saretzky,Molly,vcsh7444@jumpstartlab.com,2023862000,"2022 15th Street, NW"
